DELETE FROM attendance_records;
DELETE FROM bus_assignments;
DELETE FROM class_enrollments;
DELETE FROM class_schedules;
DELETE FROM bus_stops;
DELETE FROM bus_routes;
DELETE FROM classes;
DELETE FROM students;
DELETE FROM teachers;
DELETE FROM periods;
DELETE FROM rooms;
DELETE FROM subjects;
INSERT INTO rooms (id, name, capacity, building, floor) VALUES ('26d85d10-2fcd-47ee-a14f-18fa10f7ab01', 'Room 01', 30, 'Main Block', 1);
INSERT INTO rooms (id, name, capacity, building, floor) VALUES ('841d77b8-172d-4400-be62-abe38555c05b', 'Room 02', 30, 'Main Block', 1);
INSERT INTO rooms (id, name, capacity, building, floor) VALUES ('f109f996-2cef-43b5-a094-c6fed19b1f3c', 'Room 03', 30, 'Main Block', 1);
INSERT INTO rooms (id, name, capacity, building, floor) VALUES ('78a3161b-7ce7-44db-b0f1-d862a73338b2', 'Room 04', 30, 'Main Block', 1);
INSERT INTO rooms (id, name, capacity, building, floor) VALUES ('ff001015-9359-4abc-8fe4-5b8e62204685', 'Room 05', 30, 'Main Block', 1);
INSERT INTO rooms (id, name, capacity, building, floor) VALUES ('34126881-93df-4e1a-b159-d547fc131ec1', 'Room 06', 30, 'Main Block', 1);
INSERT INTO rooms (id, name, capacity, building, floor) VALUES ('d2cd0740-4284-4ded-b793-5d4659f4e09f', 'Room 07', 30, 'Main Block', 1);
INSERT INTO rooms (id, name, capacity, building, floor) VALUES ('019fd94b-4991-43bf-bee5-eb9f8c3974a8', 'Room 08', 30, 'Main Block', 1);
INSERT INTO rooms (id, name, capacity, building, floor) VALUES ('3ff819ab-261b-4ac6-a8e5-cd057055d592', 'Room 09', 30, 'Main Block', 1);
INSERT INTO rooms (id, name, capacity, building, floor) VALUES ('5eeccdd4-1084-4b51-979d-593c8f747665', 'Room 10', 30, 'Main Block', 1);
INSERT INTO rooms (id, name, capacity, building, floor) VALUES ('80b781a9-4315-4f30-9b9f-e260c9351c8e', 'Room 11', 30, 'Main Block', 1);
INSERT INTO rooms (id, name, capacity, building, floor) VALUES ('1ca8aafb-608d-4b94-b6e9-ce612f9929e6', 'Room 12', 30, 'Main Block', 1);
INSERT INTO rooms (id, name, capacity, building, floor) VALUES ('87e00458-33c4-45f9-b427-07dd7b0fff25', 'Room 13', 30, 'Main Block', 1);
INSERT INTO rooms (id, name, capacity, building, floor) VALUES ('121846ba-b197-4338-9329-2ff05f44d8e3', 'Room 14', 30, 'Main Block', 1);
INSERT INTO rooms (id, name, capacity, building, floor) VALUES ('0c0dedfd-a706-4313-b3f3-f4cbdb84b562', 'Room 15', 30, 'Main Block', 1);
INSERT INTO rooms (id, name, capacity, building, floor) VALUES ('72ca90e1-d740-4db0-96f7-af28b7767630', 'Room 16', 30, 'Main Block', 1);
INSERT INTO rooms (id, name, capacity, building, floor) VALUES ('18bbaf19-109c-4aa8-b37b-4cb59d17aa77', 'Room 17', 30, 'Main Block', 1);
INSERT INTO rooms (id, name, capacity, building, floor) VALUES ('a13bf0c8-1514-4f99-9771-c0bf03a088d3', 'Room 18', 30, 'Main Block', 1);
INSERT INTO rooms (id, name, capacity, building, floor) VALUES ('757e0844-d417-48c0-ad6c-0057e4131385', 'Room 19', 30, 'Main Block', 1);
INSERT INTO rooms (id, name, capacity, building, floor) VALUES ('a235be15-bf28-4039-a3ce-593e5a4b925c', 'Room 20', 30, 'Main Block', 1);
INSERT INTO rooms (id, name, capacity, building, floor) VALUES ('770365d6-474b-4c24-9212-411eec26df34', 'Room 21', 30, 'Main Block', 2);
INSERT INTO rooms (id, name, capacity, building, floor) VALUES ('4c2722fd-a7ec-4b5c-9051-de02fe92539d', 'Room 22', 30, 'Main Block', 2);
INSERT INTO rooms (id, name, capacity, building, floor) VALUES ('9ac74599-0bd6-4808-8514-a2b32fae0479', 'Room 23', 30, 'Main Block', 2);
INSERT INTO rooms (id, name, capacity, building, floor) VALUES ('d054bbf0-dc04-4f3c-a9f9-0676890d4e53', 'Room 24', 30, 'Main Block', 2);
INSERT INTO rooms (id, name, capacity, building, floor) VALUES ('8a01b353-211c-4efb-871c-89aad00b5a4f', 'Room 25', 30, 'Main Block', 2);
INSERT INTO rooms (id, name, capacity, building, floor) VALUES ('485d70d3-283f-4be0-99e4-b998b4ff566b', 'Room 26', 30, 'Main Block', 2);
INSERT INTO rooms (id, name, capacity, building, floor) VALUES ('1d882610-aac6-4ef0-94d9-b0b694bfa13b', 'Room 27', 30, 'Main Block', 2);
INSERT INTO rooms (id, name, capacity, building, floor) VALUES ('8476c6a2-a4fe-4379-adc5-6f6ccad2c3a5', 'Room 28', 30, 'Main Block', 2);
INSERT INTO rooms (id, name, capacity, building, floor) VALUES ('8189beb7-cdcf-442a-896c-88ff45a7692a', 'Room 29', 30, 'Main Block', 2);
INSERT INTO rooms (id, name, capacity, building, floor) VALUES ('1d8ce6ad-658f-4d1c-a0a7-8b9a866a1f92', 'Room 30', 30, 'Main Block', 2);
INSERT INTO rooms (id, name, capacity, building, floor) VALUES ('10ecf3d6-2db1-4b2b-b14b-4300ba04ff82', 'Room 31', 30, 'Main Block', 2);
INSERT INTO rooms (id, name, capacity, building, floor) VALUES ('2c7c180f-2af2-441e-8f22-dfc31fee69dc', 'Room 32', 30, 'Main Block', 2);
INSERT INTO rooms (id, name, capacity, building, floor) VALUES ('b116a71f-0f0f-483b-bf4f-f4769d2bc4fc', 'Room 33', 30, 'Main Block', 2);
INSERT INTO rooms (id, name, capacity, building, floor) VALUES ('a6689a72-a33c-456f-a7fd-914c251441c7', 'Room 34', 30, 'Main Block', 2);
INSERT INTO rooms (id, name, capacity, building, floor) VALUES ('b02b5263-d90e-4e46-a523-29805bbdce44', 'Room 35', 30, 'Main Block', 2);
INSERT INTO rooms (id, name, capacity, building, floor) VALUES ('7dbc5fe8-27ac-4308-a034-605295316328', 'Room 36', 30, 'Main Block', 2);
INSERT INTO rooms (id, name, capacity, building, floor) VALUES ('6d8b41e6-c6ad-476f-81d5-d21e654c071d', 'Room 37', 30, 'Main Block', 2);
INSERT INTO rooms (id, name, capacity, building, floor) VALUES ('f18f5532-9627-48d0-9700-6aae16644709', 'Room 38', 30, 'Main Block', 2);
INSERT INTO rooms (id, name, capacity, building, floor) VALUES ('3afce5da-7556-4a75-822f-2a94e3eb6b70', 'Room 39', 30, 'Main Block', 2);
INSERT INTO rooms (id, name, capacity, building, floor) VALUES ('276f08b9-9019-413b-8631-7be9caea78df', 'Room 40', 30, 'Main Block', 2);
INSERT INTO rooms (id, name, capacity, building, floor) VALUES ('8ff00545-ee20-4707-a5e8-93036082b2ec', 'Room 41', 30, 'Main Block', 3);
INSERT INTO rooms (id, name, capacity, building, floor) VALUES ('5bb16ac9-d6c7-4204-8344-c5de9e6642d1', 'Room 42', 30, 'Main Block', 3);
INSERT INTO rooms (id, name, capacity, building, floor) VALUES ('9df4bd61-ca4a-4cf9-9386-a0ba1cef990f', 'Room 43', 30, 'Main Block', 3);
INSERT INTO rooms (id, name, capacity, building, floor) VALUES ('4f3277be-a460-4ce3-a9f9-6bbdbea541cd', 'Room 44', 30, 'Main Block', 3);
INSERT INTO rooms (id, name, capacity, building, floor) VALUES ('48dc8d7b-82a4-4ae8-bdc1-871777f2e5cb', 'Room 45', 30, 'Main Block', 3);
INSERT INTO rooms (id, name, capacity, building, floor) VALUES ('f47680c4-1dd8-420d-87f1-6716c50249c9', 'Room 46', 30, 'Main Block', 3);
INSERT INTO rooms (id, name, capacity, building, floor) VALUES ('8dc64df3-72e2-4ff3-817e-2a37bdc47af5', 'Room 47', 30, 'Main Block', 3);
INSERT INTO rooms (id, name, capacity, building, floor) VALUES ('5759984f-cbe2-49dc-9296-deb2a9eeecf9', 'Room 48', 30, 'Main Block', 3);
INSERT INTO rooms (id, name, capacity, building, floor) VALUES ('b9e64532-d632-48f5-b7f8-76c6a42d9a63', 'Room 49', 30, 'Main Block', 3);
INSERT INTO rooms (id, name, capacity, building, floor) VALUES ('14a7779e-2373-42ad-8e77-5f53a9ec0e63', 'Room 50', 30, 'Main Block', 3);
INSERT INTO rooms (id, name, capacity, building, floor) VALUES ('0b9d0676-7df5-45b0-9499-b15f2b074d4a', 'Room 51', 30, 'Main Block', 3);
INSERT INTO rooms (id, name, capacity, building, floor) VALUES ('555a47f5-3d11-4143-ba9d-549ca88191ab', 'Room 52', 30, 'Main Block', 3);
INSERT INTO rooms (id, name, capacity, building, floor) VALUES ('88caf075-a584-4eff-bd74-c320f1026216', 'Room 53', 30, 'Main Block', 3);
INSERT INTO rooms (id, name, capacity, building, floor) VALUES ('bb9c35ed-f20c-4cf9-a143-fe2da1c616c8', 'Room 54', 30, 'Main Block', 3);
INSERT INTO rooms (id, name, capacity, building, floor) VALUES ('e108a933-4f30-4724-b006-419a8fbde5a4', 'Room 55', 30, 'Main Block', 3);
INSERT INTO rooms (id, name, capacity, building, floor) VALUES ('5820d893-b518-4ebf-a47a-324d30a34f09', 'Room 56', 30, 'Main Block', 3);
INSERT INTO rooms (id, name, capacity, building, floor) VALUES ('299b3e78-bf6b-4528-b231-2e4c5128a81f', 'Room 57', 30, 'Main Block', 3);
INSERT INTO rooms (id, name, capacity, building, floor) VALUES ('a70681bb-b089-4b17-9205-4b806c4055dd', 'Room 58', 30, 'Main Block', 3);
INSERT INTO rooms (id, name, capacity, building, floor) VALUES ('cc451ca0-f39f-4530-acbd-6cfefa41f92d', 'Room 59', 30, 'Main Block', 3);
INSERT INTO rooms (id, name, capacity, building, floor) VALUES ('82532a57-180a-4b3e-8158-98d4872d7a66', 'Room 60', 30, 'Main Block', 3);
INSERT INTO rooms (id, name, capacity, building, floor) VALUES ('ab91341d-1a69-4d8b-a8d1-6d766296aa79', 'Room 61', 30, 'Main Block', 4);
INSERT INTO rooms (id, name, capacity, building, floor) VALUES ('37224f24-1086-4909-bd5b-f23f1707932e', 'Room 62', 30, 'Main Block', 4);
INSERT INTO rooms (id, name, capacity, building, floor) VALUES ('db0d93f0-373f-41c3-abc7-1f50a0000c87', 'Room 63', 30, 'Main Block', 4);
INSERT INTO rooms (id, name, capacity, building, floor) VALUES ('b5ecbd73-139b-4881-a3d4-790a03881ac3', 'Room 64', 30, 'Main Block', 4);
INSERT INTO rooms (id, name, capacity, building, floor) VALUES ('4ea80f24-b78f-4c7b-bca7-be2e22526989', 'Room 65', 30, 'Main Block', 4);
INSERT INTO rooms (id, name, capacity, building, floor) VALUES ('ab7d58d5-a2fa-4da7-b04f-f1eb6048c4f5', 'Room 66', 30, 'Main Block', 4);
INSERT INTO rooms (id, name, capacity, building, floor) VALUES ('f137413a-4e81-4f11-9568-ccaff9601546', 'Room 67', 30, 'Main Block', 4);
INSERT INTO rooms (id, name, capacity, building, floor) VALUES ('cd99d190-e745-4ec0-bc73-c016c5f1da4a', 'Room 68', 30, 'Main Block', 4);
INSERT INTO rooms (id, name, capacity, building, floor) VALUES ('8a71ef50-3409-48c4-b977-35dc96c4d8bd', 'Room 69', 30, 'Main Block', 4);
INSERT INTO rooms (id, name, capacity, building, floor) VALUES ('c71ff744-1531-4f94-b7cd-00ecf3330583', 'Room 70', 30, 'Main Block', 4);
INSERT INTO rooms (id, name, capacity, building, floor) VALUES ('14aeab10-e0c1-4bc7-9bbc-c47e407eb552', 'Room 71', 30, 'Main Block', 4);
INSERT INTO rooms (id, name, capacity, building, floor) VALUES ('d3b7f3f0-f4c4-44e6-8ac3-9e4b214a4c09', 'Room 72', 30, 'Main Block', 4);
INSERT INTO rooms (id, name, capacity, building, floor) VALUES ('77e6f32d-77d2-4fdd-9bdd-5e60aeda006c', 'Room 73', 30, 'Main Block', 4);
INSERT INTO rooms (id, name, capacity, building, floor) VALUES ('429324c0-b07e-4641-93fb-7ebafde27d32', 'Room 74', 30, 'Main Block', 4);
INSERT INTO rooms (id, name, capacity, building, floor) VALUES ('2b10c3bb-5ae5-4f13-b552-b0dd378cf4d0', 'Room 75', 30, 'Main Block', 4);
INSERT INTO rooms (id, name, capacity, building, floor) VALUES ('8c99eeaf-628e-4ccb-b6e8-a4aa61c17f67', 'Room 76', 30, 'Main Block', 4);
INSERT INTO rooms (id, name, capacity, building, floor) VALUES ('e4051d0a-21e0-40a9-91c2-3e2c3fa97fbd', 'Room 77', 30, 'Main Block', 4);
INSERT INTO rooms (id, name, capacity, building, floor) VALUES ('217c9b3f-ed4d-427e-ab56-7025313e53d2', 'Room 78', 30, 'Main Block', 4);
INSERT INTO rooms (id, name, capacity, building, floor) VALUES ('10aa7bdb-a0c6-400e-8959-bf0f09ef860d', 'Room 79', 30, 'Main Block', 4);
INSERT INTO rooms (id, name, capacity, building, floor) VALUES ('feb7d543-764b-4f34-ad0c-589c1e97e960', 'Room 80', 30, 'Main Block', 4);
INSERT INTO rooms (id, name, capacity, building, floor) VALUES ('6e39c1d8-8b69-428a-b590-b811864060e1', 'Room 81', 30, 'Main Block', 5);
INSERT INTO rooms (id, name, capacity, building, floor) VALUES ('078c5876-65f1-493e-bbcf-daa8753d4f71', 'Room 82', 30, 'Main Block', 5);
INSERT INTO rooms (id, name, capacity, building, floor) VALUES ('448261ad-59cd-430a-b194-586745c4b087', 'Room 83', 30, 'Main Block', 5);
INSERT INTO rooms (id, name, capacity, building, floor) VALUES ('3d74e772-efa5-4c96-986e-1081f5f7cf47', 'Room 84', 30, 'Main Block', 5);
INSERT INTO rooms (id, name, capacity, building, floor) VALUES ('9980de05-535d-4e12-8d01-8dd8858104f2', 'Room 85', 30, 'Main Block', 5);
INSERT INTO rooms (id, name, capacity, building, floor) VALUES ('7dcb951b-58bd-442e-829b-fdc363df8506', 'Room 86', 30, 'Main Block', 5);
INSERT INTO rooms (id, name, capacity, building, floor) VALUES ('483fe0d0-b6d6-4a6c-9a37-7e666473bcbe', 'Room 87', 30, 'Main Block', 5);
INSERT INTO rooms (id, name, capacity, building, floor) VALUES ('140894e0-a3f7-45d6-aa58-8ff6044fd562', 'Room 88', 30, 'Main Block', 5);
INSERT INTO rooms (id, name, capacity, building, floor) VALUES ('ab124b80-549b-469b-95aa-33129b80004f', 'Room 89', 30, 'Main Block', 5);
INSERT INTO rooms (id, name, capacity, building, floor) VALUES ('fa3640fc-bf24-4590-bec6-fd59c03a8536', 'Room 90', 30, 'Main Block', 5);
INSERT INTO rooms (id, name, capacity, building, floor) VALUES ('de5b8492-b033-436d-ad72-d741edc639ab', 'Room 91', 30, 'Main Block', 5);
INSERT INTO rooms (id, name, capacity, building, floor) VALUES ('37184249-a3b3-4a1a-82ba-68abd487f15e', 'Room 92', 30, 'Main Block', 5);
INSERT INTO rooms (id, name, capacity, building, floor) VALUES ('3cbb5134-b7e0-403b-a703-49ce2ce014fd', 'Room 93', 30, 'Main Block', 5);
INSERT INTO rooms (id, name, capacity, building, floor) VALUES ('7c60639f-9fe8-49f4-b6fa-d4cfa9a13184', 'Room 94', 30, 'Main Block', 5);
INSERT INTO rooms (id, name, capacity, building, floor) VALUES ('31ec3f21-362d-4f15-8a0e-635cec116df9', 'Room 95', 30, 'Main Block', 5);
INSERT INTO rooms (id, name, capacity, building, floor) VALUES ('2acb860d-35eb-4546-9d67-7e79a815a79d', 'Room 96', 30, 'Main Block', 5);
INSERT INTO rooms (id, name, capacity, building, floor) VALUES ('57dc8f6d-1eca-44e3-bd57-52a2a5e0f59a', 'Room 97', 30, 'Main Block', 5);
INSERT INTO rooms (id, name, capacity, building, floor) VALUES ('b8a7b260-8463-4379-adb4-3a4ffc1d9ca5', 'Room 98', 30, 'Main Block', 5);
INSERT INTO rooms (id, name, capacity, building, floor) VALUES ('5a51deb8-50be-4f46-bb2e-5d355a59fb65', 'Room 99', 30, 'Main Block', 5);
INSERT INTO rooms (id, name, capacity, building, floor) VALUES ('837b50fc-5da6-4c14-92fc-022ff91f20f3', 'Room 100', 30, 'Main Block', 5);
INSERT INTO periods (id, period_number, start_time, end_time, is_all_day) VALUES ('031695a2-ddd2-4dd8-b037-c511ab048f2b', 1, '08:00', '08:45', false);
INSERT INTO periods (id, period_number, start_time, end_time, is_all_day) VALUES ('e79b25f9-90ed-4e07-8007-83e476f2fb56', 2, '08:50', '09:35', false);
INSERT INTO periods (id, period_number, start_time, end_time, is_all_day) VALUES ('2cf2e10f-cf7e-4b4e-82ba-f8b49d80c4bc', 3, '09:40', '10:25', false);
INSERT INTO periods (id, period_number, start_time, end_time, is_all_day) VALUES ('f7f13541-dee1-4349-9927-9c772f4a6e5f', 4, '10:40', '11:25', false);
INSERT INTO periods (id, period_number, start_time, end_time, is_all_day) VALUES ('d4f0ac47-b554-470d-9ebd-8ce1d3cccff8', 5, '11:30', '12:15', false);
INSERT INTO periods (id, period_number, start_time, end_time, is_all_day) VALUES ('b08ec079-60c4-4270-a33c-4ea8329e2bdd', 6, '13:00', '13:45', false);
INSERT INTO periods (id, period_number, start_time, end_time, is_all_day) VALUES ('15ef4142-15c4-4d1d-a47a-40473d0775fb', 7, '13:50', '14:35', false);
INSERT INTO periods (id, period_number, start_time, end_time, is_all_day) VALUES ('084e32d5-8643-4989-9bdb-66c9bb76e870', 8, '14:40', '15:25', false);
INSERT INTO subjects (id, name) VALUES ('fd3771bb-bb85-4afd-87c5-439cb7074c2a', 'Mathematics');
INSERT INTO subjects (id, name) VALUES ('d99e59e8-29eb-40be-b175-3fbd30e2d509', 'Science');
INSERT INTO subjects (id, name) VALUES ('df36a69c-4d24-419a-aa87-870cce6a42ab', 'English');
INSERT INTO subjects (id, name) VALUES ('621acc89-8480-494e-a1a3-5136ddab6800', 'History');
INSERT INTO subjects (id, name) VALUES ('818a1cce-bb17-47c7-b117-772a1dd27b9b', 'Computer Science');
INSERT INTO subjects (id, name) VALUES ('28891614-c816-43ff-9043-972b43d6c130', 'Physical Education');
INSERT INTO subjects (id, name) VALUES ('776e68db-f614-43a8-b20a-89666e221b25', 'Arts');
INSERT INTO subjects (id, name) VALUES ('53517125-b799-47de-a9d3-d61b062b966b', 'Spanish');
INSERT INTO subjects (id, name) VALUES ('d827a5c9-6ef1-48ef-9b1c-c9f35bb29098', 'Physics');
INSERT INTO subjects (id, name) VALUES ('fc15edd7-eb51-450f-90a8-1bda73dbc444', 'Biology');
INSERT INTO subjects (id, name) VALUES ('0917d13c-017b-41ea-a887-86b049074e32', 'Chemistry');
INSERT INTO subjects (id, name) VALUES ('becdbcf1-1dc1-4f40-9f56-842bc060a492', 'Literature');
INSERT INTO teachers (id, full_name, email, teacher_code, subjects) VALUES ('e4a8235a-82f8-4d6e-ae38-0a26477afad6', 'John Anderson', 'j.anderson@school.edu', 'TCH001', ARRAY['Mathematics']);
INSERT INTO teachers (id, full_name, email, teacher_code, subjects) VALUES ('c0df4957-7c0d-4ed6-a647-0763a67007c1', 'Dr. Emily Thompson', 'e.thompson@school.edu', 'TCH002', ARRAY['Science']);
INSERT INTO teachers (id, full_name, email, teacher_code, subjects) VALUES ('845fce0a-af37-4565-928b-3cf7760919c4', 'Sarah Mitchell', 's.mitchell@school.edu', 'TCH003', ARRAY['English']);
INSERT INTO teachers (id, full_name, email, teacher_code, subjects) VALUES ('7a9333db-821d-4643-a0e6-24bed7afa58d', 'Robert Davis', 'r.davis@school.edu', 'TCH004', ARRAY['History']);
INSERT INTO teachers (id, full_name, email, teacher_code, subjects) VALUES ('2bf779a4-1ed9-41d6-8247-fd27e601a487', 'Lisa Chen', 'l.chen@school.edu', 'TCH005', ARRAY['Computer Science']);
INSERT INTO teachers (id, full_name, email, teacher_code, subjects) VALUES ('6d311beb-7482-4cd8-abce-74465c832fb4', 'Michael Brown', 'm.brown@school.edu', 'TCH006', ARRAY['Physical Education']);
INSERT INTO teachers (id, full_name, email, teacher_code, subjects) VALUES ('514db090-9425-4b9a-b157-224158b7e5b7', 'Jennifer Garcia', 'j.garcia@school.edu', 'TCH007', ARRAY['Arts']);
INSERT INTO teachers (id, full_name, email, teacher_code, subjects) VALUES ('1d0f5c8a-5c0f-4e0c-92a7-b1654f41b0d5', 'Carlos Rodriguez', 'c.rodriguez@school.edu', 'TCH008', ARRAY['Spanish']);
INSERT INTO classes (id, name, grade, section, subject, teacher_id) VALUES ('42e4d33e-deb4-4dcd-b89a-86248dd13909', 'Grade 9 - Section A', 'Grade 9', 'A', 'Mathematics', 'e4a8235a-82f8-4d6e-ae38-0a26477afad6');
INSERT INTO classes (id, name, grade, section, subject, teacher_id) VALUES ('2de54bba-b37f-4d8d-b728-a6257ed42ac7', 'Grade 9 - Section A', 'Grade 9', 'A', 'Science', 'c0df4957-7c0d-4ed6-a647-0763a67007c1');
INSERT INTO classes (id, name, grade, section, subject, teacher_id) VALUES ('77857f98-1490-4d8f-9f0f-216451d0b223', 'Grade 9 - Section A', 'Grade 9', 'A', 'English', '845fce0a-af37-4565-928b-3cf7760919c4');
INSERT INTO classes (id, name, grade, section, subject, teacher_id) VALUES ('e0ceac20-7206-4a88-ae92-55fc1fa8996f', 'Grade 9 - Section A', 'Grade 9', 'A', 'History', '7a9333db-821d-4643-a0e6-24bed7afa58d');
INSERT INTO classes (id, name, grade, section, subject, teacher_id) VALUES ('776d1dba-ef6f-4d99-8e8c-2458e3c2cc26', 'Grade 9 - Section B', 'Grade 9', 'B', 'Mathematics', 'e4a8235a-82f8-4d6e-ae38-0a26477afad6');
INSERT INTO classes (id, name, grade, section, subject, teacher_id) VALUES ('0c3f2e54-6fa0-4922-a603-0cf1047a5b1d', 'Grade 9 - Section B', 'Grade 9', 'B', 'Science', 'c0df4957-7c0d-4ed6-a647-0763a67007c1');
INSERT INTO classes (id, name, grade, section, subject, teacher_id) VALUES ('7f8e24b4-3764-4aa7-b181-bcef757773b0', 'Grade 9 - Section B', 'Grade 9', 'B', 'English', '845fce0a-af37-4565-928b-3cf7760919c4');
INSERT INTO classes (id, name, grade, section, subject, teacher_id) VALUES ('1aaa7da9-c7b4-41ad-8345-a7d5e26d136a', 'Grade 9 - Section B', 'Grade 9', 'B', 'History', '7a9333db-821d-4643-a0e6-24bed7afa58d');
INSERT INTO classes (id, name, grade, section, subject, teacher_id) VALUES ('ccb8484d-34ca-4ee2-94c2-0caf04a259d2', 'Grade 10 - Section A', 'Grade 10', 'A', 'Mathematics', 'e4a8235a-82f8-4d6e-ae38-0a26477afad6');
INSERT INTO classes (id, name, grade, section, subject, teacher_id) VALUES ('092f72f9-87a9-420d-a394-63c500306fe6', 'Grade 10 - Section A', 'Grade 10', 'A', 'Science', 'c0df4957-7c0d-4ed6-a647-0763a67007c1');
INSERT INTO classes (id, name, grade, section, subject, teacher_id) VALUES ('44d132fd-bf08-4026-8131-07071f202700', 'Grade 10 - Section A', 'Grade 10', 'A', 'English', '845fce0a-af37-4565-928b-3cf7760919c4');
INSERT INTO classes (id, name, grade, section, subject, teacher_id) VALUES ('9e4d1ccc-a48f-44da-825e-9b573bd29144', 'Grade 10 - Section A', 'Grade 10', 'A', 'Computer Science', '2bf779a4-1ed9-41d6-8247-fd27e601a487');
INSERT INTO classes (id, name, grade, section, subject, teacher_id) VALUES ('e1a80a1b-65ab-4d90-98c4-7e6e8336af8b', 'Grade 10 - Section B', 'Grade 10', 'B', 'Mathematics', 'e4a8235a-82f8-4d6e-ae38-0a26477afad6');
INSERT INTO classes (id, name, grade, section, subject, teacher_id) VALUES ('c7884038-259f-4a4c-a757-33077ba46df6', 'Grade 10 - Section B', 'Grade 10', 'B', 'Science', 'c0df4957-7c0d-4ed6-a647-0763a67007c1');
INSERT INTO classes (id, name, grade, section, subject, teacher_id) VALUES ('5f026274-631b-4ebb-97d7-2a4329937f2a', 'Grade 10 - Section B', 'Grade 10', 'B', 'Spanish', '1d0f5c8a-5c0f-4e0c-92a7-b1654f41b0d5');
INSERT INTO classes (id, name, grade, section, subject, teacher_id) VALUES ('71488b2f-de44-492d-8624-acfbf193ec00', 'Grade 10 - Section B', 'Grade 10', 'B', 'History', '7a9333db-821d-4643-a0e6-24bed7afa58d');
INSERT INTO classes (id, name, grade, section, subject, teacher_id) VALUES ('649c1286-0f80-471b-9462-dc6b7d9ed77b', 'Grade 11 - Section A', 'Grade 11', 'A', 'Mathematics', 'e4a8235a-82f8-4d6e-ae38-0a26477afad6');
INSERT INTO classes (id, name, grade, section, subject, teacher_id) VALUES ('397c64ec-dc85-40fd-bea1-3fe17651f17e', 'Grade 11 - Section A', 'Grade 11', 'A', 'Science', 'c0df4957-7c0d-4ed6-a647-0763a67007c1');
INSERT INTO classes (id, name, grade, section, subject, teacher_id) VALUES ('283ee0c8-613a-4fb6-963c-7f11f6242001', 'Grade 11 - Section A', 'Grade 11', 'A', 'English', '845fce0a-af37-4565-928b-3cf7760919c4');
INSERT INTO classes (id, name, grade, section, subject, teacher_id) VALUES ('9fc31ab3-f099-4da3-913c-c2253bf0df89', 'Grade 11 - Section A', 'Grade 11', 'A', 'Computer Science', '2bf779a4-1ed9-41d6-8247-fd27e601a487');
INSERT INTO classes (id, name, grade, section, subject, teacher_id) VALUES ('4beaf979-2beb-44aa-a7b4-b595b4086a4d', 'Grade 12 - Section A', 'Grade 12', 'A', 'Mathematics', 'e4a8235a-82f8-4d6e-ae38-0a26477afad6');
INSERT INTO classes (id, name, grade, section, subject, teacher_id) VALUES ('830bb7ac-646f-45a2-b10c-4a543268530b', 'Grade 12 - Section A', 'Grade 12', 'A', 'Science', 'c0df4957-7c0d-4ed6-a647-0763a67007c1');
INSERT INTO classes (id, name, grade, section, subject, teacher_id) VALUES ('16fbdcb2-4c34-436c-b927-019f4359612c', 'Grade 12 - Section A', 'Grade 12', 'A', 'English', '845fce0a-af37-4565-928b-3cf7760919c4');
INSERT INTO classes (id, name, grade, section, subject, teacher_id) VALUES ('d74a03a6-cfdc-4ae5-8144-197ddd841195', 'Grade 12 - Section A', 'Grade 12', 'A', 'Arts', '514db090-9425-4b9a-b157-224158b7e5b7');
INSERT INTO bus_routes (id, name, route_code, driver_name, driver_phone, departure_time, return_time, status) VALUES ('69bcc9fc-a021-4be5-8aa0-095db79ccba9', 'North Route', 'BUS001', 'John Smith', '555-0201', '07:00', '15:30', 'active');
INSERT INTO bus_routes (id, name, route_code, driver_name, driver_phone, departure_time, return_time, status) VALUES ('08a5def7-9655-42b5-b2b8-2d29b4235218', 'South Route', 'BUS002', 'Maria Johnson', '555-0202', '07:15', '15:45', 'active');
INSERT INTO bus_routes (id, name, route_code, driver_name, driver_phone, departure_time, return_time, status) VALUES ('84005053-bd39-4470-b4a2-35b708340d47', 'East Route', 'BUS003', 'Robert Williams', '555-0203', '07:10', '15:40', 'active');
INSERT INTO bus_stops (id, name, route_id, arrival_time, location, stop_order) VALUES ('402c0180-ca53-4bd6-9282-3e45987a848c', 'Maple Street Stop', '69bcc9fc-a021-4be5-8aa0-095db79ccba9', '07:05', 'North District', 1);
INSERT INTO bus_stops (id, name, route_id, arrival_time, location, stop_order) VALUES ('b0d89334-3037-40a9-898c-e29a17060b97', 'Oak Avenue Stop', '69bcc9fc-a021-4be5-8aa0-095db79ccba9', '07:15', 'North District', 2);
INSERT INTO bus_stops (id, name, route_id, arrival_time, location, stop_order) VALUES ('02ff3c1e-a966-4b47-bf8f-8c6d1deda619', 'Pine Road Stop', '69bcc9fc-a021-4be5-8aa0-095db79ccba9', '07:25', 'North District', 3);
INSERT INTO bus_stops (id, name, route_id, arrival_time, location, stop_order) VALUES ('73a34fec-a9aa-48b2-8c43-3536dc7a712b', 'Cedar Lane Stop', '69bcc9fc-a021-4be5-8aa0-095db79ccba9', '07:35', 'North District', 4);
INSERT INTO bus_stops (id, name, route_id, arrival_time, location, stop_order) VALUES ('f7d4db65-c8b0-475b-9001-268c0c6a2ff7', 'Downtown Plaza', '08a5def7-9655-42b5-b2b8-2d29b4235218', '07:20', 'South District', 1);
INSERT INTO bus_stops (id, name, route_id, arrival_time, location, stop_order) VALUES ('c51a8438-d56f-424a-b094-c3918e17b6d1', 'Market Street', '08a5def7-9655-42b5-b2b8-2d29b4235218', '07:30', 'South District', 2);
INSERT INTO bus_stops (id, name, route_id, arrival_time, location, stop_order) VALUES ('337538ea-03b7-4f07-9d13-dcd863f7107b', 'River Road', '08a5def7-9655-42b5-b2b8-2d29b4235218', '07:40', 'South District', 3);
INSERT INTO bus_stops (id, name, route_id, arrival_time, location, stop_order) VALUES ('bcb846a8-6ef7-4589-b199-7c4b83626d55', 'Hill Street', '84005053-bd39-4470-b4a2-35b708340d47', '07:15', 'East District', 1);
INSERT INTO bus_stops (id, name, route_id, arrival_time, location, stop_order) VALUES ('729e4008-1f08-4086-8b68-da84eae315a6', 'Valley Drive', '84005053-bd39-4470-b4a2-35b708340d47', '07:25', 'East District', 2);
INSERT INTO bus_stops (id, name, route_id, arrival_time, location, stop_order) VALUES ('85dcd000-1d90-4812-8dc0-7cfe548dcd72', 'Mountain View', '84005053-bd39-4470-b4a2-35b708340d47', '07:35', 'East District', 3);
INSERT INTO students (id, full_name, student_code, grade, section, blood_type, allergies, status) VALUES ('1ea91ef5-d43b-4864-a457-8067ad20149d', 'Emma Williams', 'STU001', 'Grade 9', 'A', 'O+', false, 'active');
INSERT INTO students (id, full_name, student_code, grade, section, blood_type, allergies, status) VALUES ('fadf705d-17ab-4509-9948-85fe53c8706f', 'Liam Johnson', 'STU002', 'Grade 9', 'A', 'A+', true, 'active');
INSERT INTO students (id, full_name, student_code, grade, section, blood_type, allergies, status) VALUES ('105c2a92-406a-45dc-8d36-ad0335e13a7a', 'Olivia Brown', 'STU003', 'Grade 9', 'A', 'B+', false, 'active');
INSERT INTO students (id, full_name, student_code, grade, section, blood_type, allergies, status) VALUES ('011785f0-3ee5-4954-85a2-34afd31864c8', 'Noah Davis', 'STU004', 'Grade 9', 'A', 'AB+', false, 'active');
INSERT INTO students (id, full_name, student_code, grade, section, blood_type, allergies, status) VALUES ('b62ee36b-e4bc-4afc-b253-c2140cfb74c3', 'Ava Martinez', 'STU005', 'Grade 9', 'A', 'O-', true, 'active');
INSERT INTO students (id, full_name, student_code, grade, section, blood_type, allergies, status) VALUES ('a75cac8f-d77d-4350-82e5-91f4e13d7c1e', 'Ethan Garcia', 'STU006', 'Grade 9', 'A', 'A-', false, 'active');
INSERT INTO students (id, full_name, student_code, grade, section, blood_type, allergies, status) VALUES ('57dca164-0d56-487f-84c1-a83b84e0d9a5', 'Sophia Rodriguez', 'STU007', 'Grade 9', 'A', 'B-', false, 'active');
INSERT INTO students (id, full_name, student_code, grade, section, blood_type, allergies, status) VALUES ('9d6cbc4b-e9bc-4c04-8f09-56fa0dc13fef', 'Mason Wilson', 'STU008', 'Grade 9', 'A', 'O+', false, 'active');
INSERT INTO students (id, full_name, student_code, grade, section, blood_type, allergies, status) VALUES ('2db55df1-3f52-4862-9ed7-9e90db147f97', 'Isabella Anderson', 'STU009', 'Grade 9', 'B', 'A+', false, 'active');
INSERT INTO students (id, full_name, student_code, grade, section, blood_type, allergies, status) VALUES ('33ccb9ed-7fa4-4bf0-baf3-e304c00cab41', 'William Taylor', 'STU010', 'Grade 9', 'B', 'O+', false, 'active');
INSERT INTO students (id, full_name, student_code, grade, section, blood_type, allergies, status) VALUES ('8554c8f6-382a-4c36-b069-4c8de6bb640e', 'Mia Thomas', 'STU011', 'Grade 9', 'B', 'B+', false, 'active');
INSERT INTO students (id, full_name, student_code, grade, section, blood_type, allergies, status) VALUES ('b0e8be4b-29e4-42ef-8a97-f370b0b7cbfc', 'James Moore', 'STU012', 'Grade 9', 'B', 'AB+', true, 'active');
INSERT INTO students (id, full_name, student_code, grade, section, blood_type, allergies, status) VALUES ('63ea5a3e-af93-4ff6-9983-4b25ee659e17', 'Charlotte Jackson', 'STU013', 'Grade 9', 'B', 'O-', false, 'active');
INSERT INTO students (id, full_name, student_code, grade, section, blood_type, allergies, status) VALUES ('55dd992f-0d66-4b51-ae32-411aa7f4e66f', 'Benjamin White', 'STU014', 'Grade 9', 'B', 'A-', false, 'active');
INSERT INTO students (id, full_name, student_code, grade, section, blood_type, allergies, status) VALUES ('6603933f-c76f-4744-b31c-24d5db17733a', 'Amelia Harris', 'STU015', 'Grade 10', 'A', 'B-', false, 'active');
INSERT INTO students (id, full_name, student_code, grade, section, blood_type, allergies, status) VALUES ('0bdfe7b6-9c8c-41f5-bd4b-fa5b30080cb0', 'Lucas Martin', 'STU016', 'Grade 10', 'A', 'O+', false, 'active');
INSERT INTO students (id, full_name, student_code, grade, section, blood_type, allergies, status) VALUES ('3d523bc9-d955-4b7e-be1a-bc45f28b2bc0', 'Harper Thompson', 'STU017', 'Grade 10', 'A', 'A+', true, 'active');
INSERT INTO students (id, full_name, student_code, grade, section, blood_type, allergies, status) VALUES ('0ef848af-87b0-46e3-b0c6-f9ace59694d8', 'Alexander Lee', 'STU018', 'Grade 10', 'A', 'B+', false, 'active');
INSERT INTO students (id, full_name, student_code, grade, section, blood_type, allergies, status) VALUES ('1631bc6d-589f-42aa-bab0-ac46a4d106a5', 'Evelyn Walker', 'STU019', 'Grade 10', 'A', 'AB+', false, 'active');
INSERT INTO students (id, full_name, student_code, grade, section, blood_type, allergies, status) VALUES ('7266c910-1218-4092-aff8-991ec74f12b2', 'Daniel Hall', 'STU020', 'Grade 10', 'A', 'O-', false, 'active');
INSERT INTO students (id, full_name, student_code, grade, section, blood_type, allergies, status) VALUES ('7dc16553-6e8f-46ae-87b8-6da377348098', 'Abigail Allen', 'STU021', 'Grade 10', 'B', 'A-', false, 'active');
INSERT INTO students (id, full_name, student_code, grade, section, blood_type, allergies, status) VALUES ('4c4dab5c-7c15-491c-b351-35931c8c9a5e', 'Matthew Young', 'STU022', 'Grade 10', 'B', 'B-', false, 'active');
INSERT INTO students (id, full_name, student_code, grade, section, blood_type, allergies, status) VALUES ('ab67b7aa-8627-4d0d-a39d-90b66f6e2ae7', 'Emily King', 'STU023', 'Grade 10', 'B', 'O+', false, 'active');
INSERT INTO students (id, full_name, student_code, grade, section, blood_type, allergies, status) VALUES ('2abaee7e-5738-4f90-a96f-8f5aea9d93a9', 'Joseph Wright', 'STU024', 'Grade 10', 'B', 'A+', true, 'active');
INSERT INTO students (id, full_name, student_code, grade, section, blood_type, allergies, status) VALUES ('06e451b8-5fa7-41e2-8763-73591d9c74a7', 'Elizabeth Scott', 'STU025', 'Grade 10', 'B', 'B+', false, 'active');
INSERT INTO students (id, full_name, student_code, grade, section, blood_type, allergies, status) VALUES ('7d799b3f-8639-4199-b897-d3b7b7f1527b', 'David Green', 'STU026', 'Grade 11', 'A', 'AB+', false, 'active');
INSERT INTO students (id, full_name, student_code, grade, section, blood_type, allergies, status) VALUES ('2e189f78-ec49-436b-b92a-7be2274f8bd4', 'Sofia Adams', 'STU027', 'Grade 11', 'A', 'O-', false, 'active');
INSERT INTO students (id, full_name, student_code, grade, section, blood_type, allergies, status) VALUES ('d1b07a75-46dc-4b0a-a271-f97e4b7f436c', 'Jackson Baker', 'STU028', 'Grade 11', 'A', 'A-', false, 'active');
INSERT INTO students (id, full_name, student_code, grade, section, blood_type, allergies, status) VALUES ('c27abf8c-da6b-42e2-ba7a-a0f9a942bb73', 'Avery Nelson', 'STU029', 'Grade 11', 'A', 'B-', true, 'active');
INSERT INTO students (id, full_name, student_code, grade, section, blood_type, allergies, status) VALUES ('5b3976aa-0f85-4729-a3e1-0701e8843cce', 'Samuel Carter', 'STU030', 'Grade 11', 'A', 'O+', false, 'active');
INSERT INTO students (id, full_name, student_code, grade, section, blood_type, allergies, status) VALUES ('b29e9559-017a-4925-8f69-09a38cda4097', 'Grace Mitchell', 'STU031', 'Grade 12', 'A', 'A+', false, 'active');
INSERT INTO students (id, full_name, student_code, grade, section, blood_type, allergies, status) VALUES ('d867c9c6-7da8-4231-bf31-20605932390d', 'Henry Perez', 'STU032', 'Grade 12', 'A', 'B+', false, 'active');
INSERT INTO students (id, full_name, student_code, grade, section, blood_type, allergies, status) VALUES ('d4d131ec-6d2d-4f7e-aa2c-7c7d5edd97d2', 'Chloe Roberts', 'STU033', 'Grade 12', 'A', 'AB+', false, 'active');
INSERT INTO students (id, full_name, student_code, grade, section, blood_type, allergies, status) VALUES ('36dc0120-52a9-46d6-b104-65f55013df90', 'Sebastian Turner', 'STU034', 'Grade 12', 'A', 'O-', true, 'active');
INSERT INTO students (id, full_name, student_code, grade, section, blood_type, allergies, status) VALUES ('0e747160-e899-4c4d-ac86-aef75798c2cc', 'Victoria Phillips', 'STU035', 'Grade 12', 'A', 'A-', false, 'active');
INSERT INTO class_enrollments (id, class_id, student_id, enrolled_at) VALUES ('c48bbb04-0379-4ead-9bcd-6d12773a7b3b', '42e4d33e-deb4-4dcd-b89a-86248dd13909', '1ea91ef5-d43b-4864-a457-8067ad20149d', '2024-01-01');
INSERT INTO class_enrollments (id, class_id, student_id, enrolled_at) VALUES ('d859e1c6-6451-4ae3-a2fb-efebfbd56bc9', '2de54bba-b37f-4d8d-b728-a6257ed42ac7', '1ea91ef5-d43b-4864-a457-8067ad20149d', '2024-01-01');
INSERT INTO class_enrollments (id, class_id, student_id, enrolled_at) VALUES ('0a124141-b43a-4875-b2b7-f4c0d87b853c', '77857f98-1490-4d8f-9f0f-216451d0b223', '1ea91ef5-d43b-4864-a457-8067ad20149d', '2024-01-01');
INSERT INTO class_enrollments (id, class_id, student_id, enrolled_at) VALUES ('4e56be26-d68d-4561-88af-8ab2e357c6a5', 'e0ceac20-7206-4a88-ae92-55fc1fa8996f', '1ea91ef5-d43b-4864-a457-8067ad20149d', '2024-01-01');
INSERT INTO class_enrollments (id, class_id, student_id, enrolled_at) VALUES ('545e5167-0660-4394-afc9-cade67067b4f', '42e4d33e-deb4-4dcd-b89a-86248dd13909', 'fadf705d-17ab-4509-9948-85fe53c8706f', '2024-01-01');
INSERT INTO class_enrollments (id, class_id, student_id, enrolled_at) VALUES ('a77761a8-35d9-44f0-a0f8-82968286a34e', '2de54bba-b37f-4d8d-b728-a6257ed42ac7', 'fadf705d-17ab-4509-9948-85fe53c8706f', '2024-01-01');
INSERT INTO class_enrollments (id, class_id, student_id, enrolled_at) VALUES ('b3e8202e-c64c-463d-8891-566bd692ce6f', '77857f98-1490-4d8f-9f0f-216451d0b223', 'fadf705d-17ab-4509-9948-85fe53c8706f', '2024-01-01');
INSERT INTO class_enrollments (id, class_id, student_id, enrolled_at) VALUES ('16bcf1c9-ee71-4e47-9db4-11fac92c9d8e', 'e0ceac20-7206-4a88-ae92-55fc1fa8996f', 'fadf705d-17ab-4509-9948-85fe53c8706f', '2024-01-01');
INSERT INTO class_enrollments (id, class_id, student_id, enrolled_at) VALUES ('d15a2914-49c4-4915-a0ae-bb4b2cddab82', '42e4d33e-deb4-4dcd-b89a-86248dd13909', '105c2a92-406a-45dc-8d36-ad0335e13a7a', '2024-01-01');
INSERT INTO class_enrollments (id, class_id, student_id, enrolled_at) VALUES ('b6648ad4-6237-47b7-80a8-5aba2a2b4a06', '2de54bba-b37f-4d8d-b728-a6257ed42ac7', '105c2a92-406a-45dc-8d36-ad0335e13a7a', '2024-01-01');
INSERT INTO class_enrollments (id, class_id, student_id, enrolled_at) VALUES ('90e4dca6-0d31-4b7c-9e2f-3c1cd6e9896a', '77857f98-1490-4d8f-9f0f-216451d0b223', '105c2a92-406a-45dc-8d36-ad0335e13a7a', '2024-01-01');
INSERT INTO class_enrollments (id, class_id, student_id, enrolled_at) VALUES ('071d80ee-9783-468d-ac45-d08c42cd32f3', 'e0ceac20-7206-4a88-ae92-55fc1fa8996f', '105c2a92-406a-45dc-8d36-ad0335e13a7a', '2024-01-01');
INSERT INTO class_enrollments (id, class_id, student_id, enrolled_at) VALUES ('57d0d32e-3fc5-4ee5-b8b3-a7b3ae69826b', '42e4d33e-deb4-4dcd-b89a-86248dd13909', '011785f0-3ee5-4954-85a2-34afd31864c8', '2024-01-01');
INSERT INTO class_enrollments (id, class_id, student_id, enrolled_at) VALUES ('94d1c147-4d35-4341-9398-17d671a13f7c', '2de54bba-b37f-4d8d-b728-a6257ed42ac7', '011785f0-3ee5-4954-85a2-34afd31864c8', '2024-01-01');
INSERT INTO class_enrollments (id, class_id, student_id, enrolled_at) VALUES ('60f9e3ff-a1ad-45cc-9dbe-7cc63417cb8d', '77857f98-1490-4d8f-9f0f-216451d0b223', '011785f0-3ee5-4954-85a2-34afd31864c8', '2024-01-01');
INSERT INTO class_enrollments (id, class_id, student_id, enrolled_at) VALUES ('fd29ce84-5747-49c5-bf40-deefbfed02ba', 'e0ceac20-7206-4a88-ae92-55fc1fa8996f', '011785f0-3ee5-4954-85a2-34afd31864c8', '2024-01-01');
INSERT INTO class_enrollments (id, class_id, student_id, enrolled_at) VALUES ('c104ee45-b737-4429-a7e2-93dc0d406e17', '42e4d33e-deb4-4dcd-b89a-86248dd13909', 'b62ee36b-e4bc-4afc-b253-c2140cfb74c3', '2024-01-01');
INSERT INTO class_enrollments (id, class_id, student_id, enrolled_at) VALUES ('1b8f50c1-b975-4217-af89-b80bc0607711', '2de54bba-b37f-4d8d-b728-a6257ed42ac7', 'b62ee36b-e4bc-4afc-b253-c2140cfb74c3', '2024-01-01');
INSERT INTO class_enrollments (id, class_id, student_id, enrolled_at) VALUES ('b8007ee2-a4c8-4e84-bca1-23f2226d74aa', '77857f98-1490-4d8f-9f0f-216451d0b223', 'b62ee36b-e4bc-4afc-b253-c2140cfb74c3', '2024-01-01');
INSERT INTO class_enrollments (id, class_id, student_id, enrolled_at) VALUES ('7b8d14e4-5bf5-400f-97a6-9d720b8bcbde', 'e0ceac20-7206-4a88-ae92-55fc1fa8996f', 'b62ee36b-e4bc-4afc-b253-c2140cfb74c3', '2024-01-01');
INSERT INTO class_enrollments (id, class_id, student_id, enrolled_at) VALUES ('a427d3f7-13de-45db-9bfc-e533c4bc62d4', '42e4d33e-deb4-4dcd-b89a-86248dd13909', 'a75cac8f-d77d-4350-82e5-91f4e13d7c1e', '2024-01-01');
INSERT INTO class_enrollments (id, class_id, student_id, enrolled_at) VALUES ('c6a4ccde-68c7-4fba-8904-6b4c4f070e79', '2de54bba-b37f-4d8d-b728-a6257ed42ac7', 'a75cac8f-d77d-4350-82e5-91f4e13d7c1e', '2024-01-01');
INSERT INTO class_enrollments (id, class_id, student_id, enrolled_at) VALUES ('28a43654-895d-48a8-b525-30ce3b39bb9f', '77857f98-1490-4d8f-9f0f-216451d0b223', 'a75cac8f-d77d-4350-82e5-91f4e13d7c1e', '2024-01-01');
INSERT INTO class_enrollments (id, class_id, student_id, enrolled_at) VALUES ('694c25dc-47e2-4b6e-9d4b-47c352de89b0', 'e0ceac20-7206-4a88-ae92-55fc1fa8996f', 'a75cac8f-d77d-4350-82e5-91f4e13d7c1e', '2024-01-01');
INSERT INTO class_enrollments (id, class_id, student_id, enrolled_at) VALUES ('a06b76b3-9097-4abf-8cf5-a9443b7b7eac', '42e4d33e-deb4-4dcd-b89a-86248dd13909', '57dca164-0d56-487f-84c1-a83b84e0d9a5', '2024-01-01');
INSERT INTO class_enrollments (id, class_id, student_id, enrolled_at) VALUES ('4f99a8a2-030f-485c-88a2-5f5b9b07d274', '2de54bba-b37f-4d8d-b728-a6257ed42ac7', '57dca164-0d56-487f-84c1-a83b84e0d9a5', '2024-01-01');
INSERT INTO class_enrollments (id, class_id, student_id, enrolled_at) VALUES ('093bea32-555f-4868-a653-9fd060a6ea55', '77857f98-1490-4d8f-9f0f-216451d0b223', '57dca164-0d56-487f-84c1-a83b84e0d9a5', '2024-01-01');
INSERT INTO class_enrollments (id, class_id, student_id, enrolled_at) VALUES ('1f4f41cd-8280-4c62-bd5e-3c21e1ebec31', 'e0ceac20-7206-4a88-ae92-55fc1fa8996f', '57dca164-0d56-487f-84c1-a83b84e0d9a5', '2024-01-01');
INSERT INTO class_enrollments (id, class_id, student_id, enrolled_at) VALUES ('047eec66-9992-42de-9478-e5a79523199a', '42e4d33e-deb4-4dcd-b89a-86248dd13909', '9d6cbc4b-e9bc-4c04-8f09-56fa0dc13fef', '2024-01-01');
INSERT INTO class_enrollments (id, class_id, student_id, enrolled_at) VALUES ('c9c97fd2-f5a1-4ff6-8436-225ad64a9770', '2de54bba-b37f-4d8d-b728-a6257ed42ac7', '9d6cbc4b-e9bc-4c04-8f09-56fa0dc13fef', '2024-01-01');
INSERT INTO class_enrollments (id, class_id, student_id, enrolled_at) VALUES ('11efc334-ec57-4dbf-bbb4-7fc99c07bf2b', '77857f98-1490-4d8f-9f0f-216451d0b223', '9d6cbc4b-e9bc-4c04-8f09-56fa0dc13fef', '2024-01-01');
INSERT INTO class_enrollments (id, class_id, student_id, enrolled_at) VALUES ('e35d5add-80b8-443c-8397-a7ad8c9e0ed8', 'e0ceac20-7206-4a88-ae92-55fc1fa8996f', '9d6cbc4b-e9bc-4c04-8f09-56fa0dc13fef', '2024-01-01');
INSERT INTO class_enrollments (id, class_id, student_id, enrolled_at) VALUES ('84da71f9-485b-42d7-93c5-b5feb766246f', '776d1dba-ef6f-4d99-8e8c-2458e3c2cc26', '2db55df1-3f52-4862-9ed7-9e90db147f97', '2024-01-01');
INSERT INTO class_enrollments (id, class_id, student_id, enrolled_at) VALUES ('22ed368c-e233-4522-9cf8-6d065ad18745', '0c3f2e54-6fa0-4922-a603-0cf1047a5b1d', '2db55df1-3f52-4862-9ed7-9e90db147f97', '2024-01-01');
INSERT INTO class_enrollments (id, class_id, student_id, enrolled_at) VALUES ('c167841d-630d-49db-930d-75bb273ed5fc', '7f8e24b4-3764-4aa7-b181-bcef757773b0', '2db55df1-3f52-4862-9ed7-9e90db147f97', '2024-01-01');
INSERT INTO class_enrollments (id, class_id, student_id, enrolled_at) VALUES ('2a563716-e8b9-4f84-9ff0-5a1c844ad24f', '1aaa7da9-c7b4-41ad-8345-a7d5e26d136a', '2db55df1-3f52-4862-9ed7-9e90db147f97', '2024-01-01');
INSERT INTO class_enrollments (id, class_id, student_id, enrolled_at) VALUES ('b44b35db-316c-40db-8aec-88a9f3421204', '776d1dba-ef6f-4d99-8e8c-2458e3c2cc26', '33ccb9ed-7fa4-4bf0-baf3-e304c00cab41', '2024-01-01');
INSERT INTO class_enrollments (id, class_id, student_id, enrolled_at) VALUES ('82e3086d-b867-4301-80aa-506977faec51', '0c3f2e54-6fa0-4922-a603-0cf1047a5b1d', '33ccb9ed-7fa4-4bf0-baf3-e304c00cab41', '2024-01-01');
INSERT INTO class_enrollments (id, class_id, student_id, enrolled_at) VALUES ('33943ae2-56e2-4afc-b312-41526858541d', '7f8e24b4-3764-4aa7-b181-bcef757773b0', '33ccb9ed-7fa4-4bf0-baf3-e304c00cab41', '2024-01-01');
INSERT INTO class_enrollments (id, class_id, student_id, enrolled_at) VALUES ('d4197b0d-7a83-4c4b-a010-6d0b44c3af9c', '1aaa7da9-c7b4-41ad-8345-a7d5e26d136a', '33ccb9ed-7fa4-4bf0-baf3-e304c00cab41', '2024-01-01');
INSERT INTO class_enrollments (id, class_id, student_id, enrolled_at) VALUES ('7a2b4331-91d8-40fd-bf6f-c287f6ef45bf', '776d1dba-ef6f-4d99-8e8c-2458e3c2cc26', '8554c8f6-382a-4c36-b069-4c8de6bb640e', '2024-01-01');
INSERT INTO class_enrollments (id, class_id, student_id, enrolled_at) VALUES ('accd8442-b1aa-459c-892e-267858d55a09', '0c3f2e54-6fa0-4922-a603-0cf1047a5b1d', '8554c8f6-382a-4c36-b069-4c8de6bb640e', '2024-01-01');
INSERT INTO class_enrollments (id, class_id, student_id, enrolled_at) VALUES ('a0444e17-87a9-4312-8915-5b9897448c6e', '7f8e24b4-3764-4aa7-b181-bcef757773b0', '8554c8f6-382a-4c36-b069-4c8de6bb640e', '2024-01-01');
INSERT INTO class_enrollments (id, class_id, student_id, enrolled_at) VALUES ('c7665377-9ff4-4144-a6b7-9b5119c788b1', '1aaa7da9-c7b4-41ad-8345-a7d5e26d136a', '8554c8f6-382a-4c36-b069-4c8de6bb640e', '2024-01-01');
INSERT INTO class_enrollments (id, class_id, student_id, enrolled_at) VALUES ('f5790a85-89e0-47a3-a422-337998d1baf0', '776d1dba-ef6f-4d99-8e8c-2458e3c2cc26', 'b0e8be4b-29e4-42ef-8a97-f370b0b7cbfc', '2024-01-01');
INSERT INTO class_enrollments (id, class_id, student_id, enrolled_at) VALUES ('9e97b6ac-e761-46d6-a44e-4f20da43892d', '0c3f2e54-6fa0-4922-a603-0cf1047a5b1d', 'b0e8be4b-29e4-42ef-8a97-f370b0b7cbfc', '2024-01-01');
INSERT INTO class_enrollments (id, class_id, student_id, enrolled_at) VALUES ('a0f5e0df-a9bb-443c-9b25-48a0363310ed', '7f8e24b4-3764-4aa7-b181-bcef757773b0', 'b0e8be4b-29e4-42ef-8a97-f370b0b7cbfc', '2024-01-01');
INSERT INTO class_enrollments (id, class_id, student_id, enrolled_at) VALUES ('ebcc0d86-ca9c-4674-a2f6-5268994bed79', '1aaa7da9-c7b4-41ad-8345-a7d5e26d136a', 'b0e8be4b-29e4-42ef-8a97-f370b0b7cbfc', '2024-01-01');
INSERT INTO class_enrollments (id, class_id, student_id, enrolled_at) VALUES ('b2f2dc4a-8a63-4c59-96f3-ae4926ef1ae9', '776d1dba-ef6f-4d99-8e8c-2458e3c2cc26', '63ea5a3e-af93-4ff6-9983-4b25ee659e17', '2024-01-01');
INSERT INTO class_enrollments (id, class_id, student_id, enrolled_at) VALUES ('3df499b3-7a6a-4766-8778-ebe18b778828', '0c3f2e54-6fa0-4922-a603-0cf1047a5b1d', '63ea5a3e-af93-4ff6-9983-4b25ee659e17', '2024-01-01');
INSERT INTO class_enrollments (id, class_id, student_id, enrolled_at) VALUES ('157078d4-91ba-45fe-a1be-369f0be30888', '7f8e24b4-3764-4aa7-b181-bcef757773b0', '63ea5a3e-af93-4ff6-9983-4b25ee659e17', '2024-01-01');
INSERT INTO class_enrollments (id, class_id, student_id, enrolled_at) VALUES ('4b23e712-e08d-420b-88e3-87311ca67263', '1aaa7da9-c7b4-41ad-8345-a7d5e26d136a', '63ea5a3e-af93-4ff6-9983-4b25ee659e17', '2024-01-01');
INSERT INTO class_enrollments (id, class_id, student_id, enrolled_at) VALUES ('ea4dde1b-aca5-48d3-b803-35130cf8e129', '776d1dba-ef6f-4d99-8e8c-2458e3c2cc26', '55dd992f-0d66-4b51-ae32-411aa7f4e66f', '2024-01-01');
INSERT INTO class_enrollments (id, class_id, student_id, enrolled_at) VALUES ('7ac6afb0-0b62-4026-8ce0-c6bb21645525', '0c3f2e54-6fa0-4922-a603-0cf1047a5b1d', '55dd992f-0d66-4b51-ae32-411aa7f4e66f', '2024-01-01');
INSERT INTO class_enrollments (id, class_id, student_id, enrolled_at) VALUES ('6ee1bdd9-43a3-40a3-b895-a61e51da0a7e', '7f8e24b4-3764-4aa7-b181-bcef757773b0', '55dd992f-0d66-4b51-ae32-411aa7f4e66f', '2024-01-01');
INSERT INTO class_enrollments (id, class_id, student_id, enrolled_at) VALUES ('b9537e43-bda0-4317-9d88-9ee222cb20c9', '1aaa7da9-c7b4-41ad-8345-a7d5e26d136a', '55dd992f-0d66-4b51-ae32-411aa7f4e66f', '2024-01-01');
INSERT INTO class_enrollments (id, class_id, student_id, enrolled_at) VALUES ('52548b82-06e3-465e-a364-a7bff72b05b8', 'ccb8484d-34ca-4ee2-94c2-0caf04a259d2', '6603933f-c76f-4744-b31c-24d5db17733a', '2024-01-01');
INSERT INTO class_enrollments (id, class_id, student_id, enrolled_at) VALUES ('b95d44b2-c5b4-4729-a7bd-d6b4888cd2ee', '092f72f9-87a9-420d-a394-63c500306fe6', '6603933f-c76f-4744-b31c-24d5db17733a', '2024-01-01');
INSERT INTO class_enrollments (id, class_id, student_id, enrolled_at) VALUES ('a1d5dd85-0a84-4940-a3ef-98e6430b66f8', '44d132fd-bf08-4026-8131-07071f202700', '6603933f-c76f-4744-b31c-24d5db17733a', '2024-01-01');
INSERT INTO class_enrollments (id, class_id, student_id, enrolled_at) VALUES ('35f4d6a8-c00e-4a26-ac5c-7ec089c264e6', '9e4d1ccc-a48f-44da-825e-9b573bd29144', '6603933f-c76f-4744-b31c-24d5db17733a', '2024-01-01');
INSERT INTO class_enrollments (id, class_id, student_id, enrolled_at) VALUES ('e792e2e6-d448-4930-b98d-c8eec45b8294', 'ccb8484d-34ca-4ee2-94c2-0caf04a259d2', '0bdfe7b6-9c8c-41f5-bd4b-fa5b30080cb0', '2024-01-01');
INSERT INTO class_enrollments (id, class_id, student_id, enrolled_at) VALUES ('255b0b87-71dc-469a-98b3-b82edc01e4c1', '092f72f9-87a9-420d-a394-63c500306fe6', '0bdfe7b6-9c8c-41f5-bd4b-fa5b30080cb0', '2024-01-01');
INSERT INTO class_enrollments (id, class_id, student_id, enrolled_at) VALUES ('b5aaf747-a140-47ec-89de-147882796e90', '44d132fd-bf08-4026-8131-07071f202700', '0bdfe7b6-9c8c-41f5-bd4b-fa5b30080cb0', '2024-01-01');
INSERT INTO class_enrollments (id, class_id, student_id, enrolled_at) VALUES ('321fc909-4342-446d-b4fa-d28b84a5b507', '9e4d1ccc-a48f-44da-825e-9b573bd29144', '0bdfe7b6-9c8c-41f5-bd4b-fa5b30080cb0', '2024-01-01');
INSERT INTO class_enrollments (id, class_id, student_id, enrolled_at) VALUES ('d79f9aab-751f-4144-98d5-e0ac96fe4730', 'ccb8484d-34ca-4ee2-94c2-0caf04a259d2', '3d523bc9-d955-4b7e-be1a-bc45f28b2bc0', '2024-01-01');
INSERT INTO class_enrollments (id, class_id, student_id, enrolled_at) VALUES ('678aaa2d-ff66-4e6a-b0fa-99313ebfeebb', '092f72f9-87a9-420d-a394-63c500306fe6', '3d523bc9-d955-4b7e-be1a-bc45f28b2bc0', '2024-01-01');
INSERT INTO class_enrollments (id, class_id, student_id, enrolled_at) VALUES ('0f740710-5480-4074-9be5-25b9126461b2', '44d132fd-bf08-4026-8131-07071f202700', '3d523bc9-d955-4b7e-be1a-bc45f28b2bc0', '2024-01-01');
INSERT INTO class_enrollments (id, class_id, student_id, enrolled_at) VALUES ('7e20aac5-51d4-4aba-ad97-4d820c6b663d', '9e4d1ccc-a48f-44da-825e-9b573bd29144', '3d523bc9-d955-4b7e-be1a-bc45f28b2bc0', '2024-01-01');
INSERT INTO class_enrollments (id, class_id, student_id, enrolled_at) VALUES ('0c1483de-a532-4720-abcc-4291be5c50e0', 'ccb8484d-34ca-4ee2-94c2-0caf04a259d2', '0ef848af-87b0-46e3-b0c6-f9ace59694d8', '2024-01-01');
INSERT INTO class_enrollments (id, class_id, student_id, enrolled_at) VALUES ('04ac9a61-28b6-49a2-9371-460e514d5b98', '092f72f9-87a9-420d-a394-63c500306fe6', '0ef848af-87b0-46e3-b0c6-f9ace59694d8', '2024-01-01');
INSERT INTO class_enrollments (id, class_id, student_id, enrolled_at) VALUES ('ff89a906-161d-495c-b808-4fd1571ed267', '44d132fd-bf08-4026-8131-07071f202700', '0ef848af-87b0-46e3-b0c6-f9ace59694d8', '2024-01-01');
INSERT INTO class_enrollments (id, class_id, student_id, enrolled_at) VALUES ('f08559b1-8981-4ec7-bad6-82639f5df1a9', '9e4d1ccc-a48f-44da-825e-9b573bd29144', '0ef848af-87b0-46e3-b0c6-f9ace59694d8', '2024-01-01');
INSERT INTO class_enrollments (id, class_id, student_id, enrolled_at) VALUES ('6e6b10b3-0a17-4eb0-9ce6-9a5d4e186291', 'ccb8484d-34ca-4ee2-94c2-0caf04a259d2', '1631bc6d-589f-42aa-bab0-ac46a4d106a5', '2024-01-01');
INSERT INTO class_enrollments (id, class_id, student_id, enrolled_at) VALUES ('5c69f52f-1fc5-4f08-a5ca-80421ce8be89', '092f72f9-87a9-420d-a394-63c500306fe6', '1631bc6d-589f-42aa-bab0-ac46a4d106a5', '2024-01-01');
INSERT INTO class_enrollments (id, class_id, student_id, enrolled_at) VALUES ('7a513f81-ca59-4312-af04-af1f0672f963', '44d132fd-bf08-4026-8131-07071f202700', '1631bc6d-589f-42aa-bab0-ac46a4d106a5', '2024-01-01');
INSERT INTO class_enrollments (id, class_id, student_id, enrolled_at) VALUES ('18a1cdce-cd74-4c94-9c59-aac0ff1a2864', '9e4d1ccc-a48f-44da-825e-9b573bd29144', '1631bc6d-589f-42aa-bab0-ac46a4d106a5', '2024-01-01');
INSERT INTO class_enrollments (id, class_id, student_id, enrolled_at) VALUES ('78f20a47-e140-4f2d-a9c7-18f8f68b3344', 'ccb8484d-34ca-4ee2-94c2-0caf04a259d2', '7266c910-1218-4092-aff8-991ec74f12b2', '2024-01-01');
INSERT INTO class_enrollments (id, class_id, student_id, enrolled_at) VALUES ('d81c44e0-2d11-44af-bb13-b18ec7baf4a1', '092f72f9-87a9-420d-a394-63c500306fe6', '7266c910-1218-4092-aff8-991ec74f12b2', '2024-01-01');
INSERT INTO class_enrollments (id, class_id, student_id, enrolled_at) VALUES ('bd4f6817-39ef-4ed9-a81a-e4de45273b69', '44d132fd-bf08-4026-8131-07071f202700', '7266c910-1218-4092-aff8-991ec74f12b2', '2024-01-01');
INSERT INTO class_enrollments (id, class_id, student_id, enrolled_at) VALUES ('84b48fae-ca77-4aed-9468-3c452809a1f4', '9e4d1ccc-a48f-44da-825e-9b573bd29144', '7266c910-1218-4092-aff8-991ec74f12b2', '2024-01-01');
INSERT INTO class_enrollments (id, class_id, student_id, enrolled_at) VALUES ('47d5de18-9665-4f63-8b92-38577e5b340c', 'e1a80a1b-65ab-4d90-98c4-7e6e8336af8b', '7dc16553-6e8f-46ae-87b8-6da377348098', '2024-01-01');
INSERT INTO class_enrollments (id, class_id, student_id, enrolled_at) VALUES ('34036ced-a1f6-4274-a8ac-8ca6251d8af9', 'c7884038-259f-4a4c-a757-33077ba46df6', '7dc16553-6e8f-46ae-87b8-6da377348098', '2024-01-01');
INSERT INTO class_enrollments (id, class_id, student_id, enrolled_at) VALUES ('ad935f8f-e2bf-4552-92cd-8e5dad714939', '5f026274-631b-4ebb-97d7-2a4329937f2a', '7dc16553-6e8f-46ae-87b8-6da377348098', '2024-01-01');
INSERT INTO class_enrollments (id, class_id, student_id, enrolled_at) VALUES ('9388dfc6-16fc-4064-bc06-706efd8563b4', '71488b2f-de44-492d-8624-acfbf193ec00', '7dc16553-6e8f-46ae-87b8-6da377348098', '2024-01-01');
INSERT INTO class_enrollments (id, class_id, student_id, enrolled_at) VALUES ('8ac68f6f-acd5-4e16-ab45-2a637fea39f8', 'e1a80a1b-65ab-4d90-98c4-7e6e8336af8b', '4c4dab5c-7c15-491c-b351-35931c8c9a5e', '2024-01-01');
INSERT INTO class_enrollments (id, class_id, student_id, enrolled_at) VALUES ('af275512-2134-40c8-885d-9b303a7293f9', 'c7884038-259f-4a4c-a757-33077ba46df6', '4c4dab5c-7c15-491c-b351-35931c8c9a5e', '2024-01-01');
INSERT INTO class_enrollments (id, class_id, student_id, enrolled_at) VALUES ('1364ab41-0bc9-496c-af71-335f3d307706', '5f026274-631b-4ebb-97d7-2a4329937f2a', '4c4dab5c-7c15-491c-b351-35931c8c9a5e', '2024-01-01');
INSERT INTO class_enrollments (id, class_id, student_id, enrolled_at) VALUES ('e3634108-8d4b-4be5-9254-0145b7d52121', '71488b2f-de44-492d-8624-acfbf193ec00', '4c4dab5c-7c15-491c-b351-35931c8c9a5e', '2024-01-01');
INSERT INTO class_enrollments (id, class_id, student_id, enrolled_at) VALUES ('40fca3e1-8345-47c3-8f12-9542cd8a7fd4', 'e1a80a1b-65ab-4d90-98c4-7e6e8336af8b', 'ab67b7aa-8627-4d0d-a39d-90b66f6e2ae7', '2024-01-01');
INSERT INTO class_enrollments (id, class_id, student_id, enrolled_at) VALUES ('28860108-9cbf-4751-9838-81448bfd523b', 'c7884038-259f-4a4c-a757-33077ba46df6', 'ab67b7aa-8627-4d0d-a39d-90b66f6e2ae7', '2024-01-01');
INSERT INTO class_enrollments (id, class_id, student_id, enrolled_at) VALUES ('ec38ba3a-48e7-461b-936d-9473238af28b', '5f026274-631b-4ebb-97d7-2a4329937f2a', 'ab67b7aa-8627-4d0d-a39d-90b66f6e2ae7', '2024-01-01');
INSERT INTO class_enrollments (id, class_id, student_id, enrolled_at) VALUES ('20e8a844-5312-4192-aa8d-a27a596d5572', '71488b2f-de44-492d-8624-acfbf193ec00', 'ab67b7aa-8627-4d0d-a39d-90b66f6e2ae7', '2024-01-01');
INSERT INTO class_enrollments (id, class_id, student_id, enrolled_at) VALUES ('a849739c-eef6-4fb7-935d-98e7145e08be', 'e1a80a1b-65ab-4d90-98c4-7e6e8336af8b', '2abaee7e-5738-4f90-a96f-8f5aea9d93a9', '2024-01-01');
INSERT INTO class_enrollments (id, class_id, student_id, enrolled_at) VALUES ('a11af95a-9fdb-4fb0-81e7-71346ee33667', 'c7884038-259f-4a4c-a757-33077ba46df6', '2abaee7e-5738-4f90-a96f-8f5aea9d93a9', '2024-01-01');
INSERT INTO class_enrollments (id, class_id, student_id, enrolled_at) VALUES ('a55eda0a-a8a6-448f-9aea-55047298627f', '5f026274-631b-4ebb-97d7-2a4329937f2a', '2abaee7e-5738-4f90-a96f-8f5aea9d93a9', '2024-01-01');
INSERT INTO class_enrollments (id, class_id, student_id, enrolled_at) VALUES ('99014032-6add-494a-b333-c3dddeb1adc6', '71488b2f-de44-492d-8624-acfbf193ec00', '2abaee7e-5738-4f90-a96f-8f5aea9d93a9', '2024-01-01');
INSERT INTO class_enrollments (id, class_id, student_id, enrolled_at) VALUES ('68a6ad44-e8e2-462f-a735-59d2f1728c2f', 'e1a80a1b-65ab-4d90-98c4-7e6e8336af8b', '06e451b8-5fa7-41e2-8763-73591d9c74a7', '2024-01-01');
INSERT INTO class_enrollments (id, class_id, student_id, enrolled_at) VALUES ('9babba64-aab2-4a00-9963-27a7256805af', 'c7884038-259f-4a4c-a757-33077ba46df6', '06e451b8-5fa7-41e2-8763-73591d9c74a7', '2024-01-01');
INSERT INTO class_enrollments (id, class_id, student_id, enrolled_at) VALUES ('6be6ca9f-d899-4ddd-a8c8-fb4d78e04d59', '5f026274-631b-4ebb-97d7-2a4329937f2a', '06e451b8-5fa7-41e2-8763-73591d9c74a7', '2024-01-01');
INSERT INTO class_enrollments (id, class_id, student_id, enrolled_at) VALUES ('41bde731-c809-447e-af37-7c848e87a204', '71488b2f-de44-492d-8624-acfbf193ec00', '06e451b8-5fa7-41e2-8763-73591d9c74a7', '2024-01-01');
INSERT INTO class_enrollments (id, class_id, student_id, enrolled_at) VALUES ('a1456b1c-be47-4ff3-bc60-d7edc0df9fe0', '649c1286-0f80-471b-9462-dc6b7d9ed77b', '7d799b3f-8639-4199-b897-d3b7b7f1527b', '2024-01-01');
INSERT INTO class_enrollments (id, class_id, student_id, enrolled_at) VALUES ('91c758de-cfb2-4e2c-9552-c007a2abd9fe', '397c64ec-dc85-40fd-bea1-3fe17651f17e', '7d799b3f-8639-4199-b897-d3b7b7f1527b', '2024-01-01');
INSERT INTO class_enrollments (id, class_id, student_id, enrolled_at) VALUES ('f802e2d5-9933-44f4-8fe6-96c4e4b8912f', '283ee0c8-613a-4fb6-963c-7f11f6242001', '7d799b3f-8639-4199-b897-d3b7b7f1527b', '2024-01-01');
INSERT INTO class_enrollments (id, class_id, student_id, enrolled_at) VALUES ('9f741fac-4e48-43b3-82dd-a7b570b3adf7', '9fc31ab3-f099-4da3-913c-c2253bf0df89', '7d799b3f-8639-4199-b897-d3b7b7f1527b', '2024-01-01');
INSERT INTO class_enrollments (id, class_id, student_id, enrolled_at) VALUES ('862140a5-1895-4c64-aebb-67248a0eeb2b', '649c1286-0f80-471b-9462-dc6b7d9ed77b', '2e189f78-ec49-436b-b92a-7be2274f8bd4', '2024-01-01');
INSERT INTO class_enrollments (id, class_id, student_id, enrolled_at) VALUES ('09e7f7d3-62df-4c4d-a639-7eb3be3b4ea0', '397c64ec-dc85-40fd-bea1-3fe17651f17e', '2e189f78-ec49-436b-b92a-7be2274f8bd4', '2024-01-01');
INSERT INTO class_enrollments (id, class_id, student_id, enrolled_at) VALUES ('f1936c0a-7222-4e9c-8aeb-cc2916d99e67', '283ee0c8-613a-4fb6-963c-7f11f6242001', '2e189f78-ec49-436b-b92a-7be2274f8bd4', '2024-01-01');
INSERT INTO class_enrollments (id, class_id, student_id, enrolled_at) VALUES ('6ea622b5-5faf-43ed-a513-9fa19b7ca4a0', '9fc31ab3-f099-4da3-913c-c2253bf0df89', '2e189f78-ec49-436b-b92a-7be2274f8bd4', '2024-01-01');
INSERT INTO class_enrollments (id, class_id, student_id, enrolled_at) VALUES ('f168b54c-e184-4643-a9ec-1eb3f0fd5c53', '649c1286-0f80-471b-9462-dc6b7d9ed77b', 'd1b07a75-46dc-4b0a-a271-f97e4b7f436c', '2024-01-01');
INSERT INTO class_enrollments (id, class_id, student_id, enrolled_at) VALUES ('c1c79365-1d43-4026-bb29-c6f4e3931cc0', '397c64ec-dc85-40fd-bea1-3fe17651f17e', 'd1b07a75-46dc-4b0a-a271-f97e4b7f436c', '2024-01-01');
INSERT INTO class_enrollments (id, class_id, student_id, enrolled_at) VALUES ('fef30d3c-4451-4c4f-859c-76a9e4f501d1', '283ee0c8-613a-4fb6-963c-7f11f6242001', 'd1b07a75-46dc-4b0a-a271-f97e4b7f436c', '2024-01-01');
INSERT INTO class_enrollments (id, class_id, student_id, enrolled_at) VALUES ('e7c90ec7-4494-4c95-adf6-a4fb6e38f2c3', '9fc31ab3-f099-4da3-913c-c2253bf0df89', 'd1b07a75-46dc-4b0a-a271-f97e4b7f436c', '2024-01-01');
INSERT INTO class_enrollments (id, class_id, student_id, enrolled_at) VALUES ('a2f719a2-9059-48f4-93d6-addcff1e7cb9', '649c1286-0f80-471b-9462-dc6b7d9ed77b', 'c27abf8c-da6b-42e2-ba7a-a0f9a942bb73', '2024-01-01');
INSERT INTO class_enrollments (id, class_id, student_id, enrolled_at) VALUES ('9a2af413-6a45-43df-b8a4-7194bca4a667', '397c64ec-dc85-40fd-bea1-3fe17651f17e', 'c27abf8c-da6b-42e2-ba7a-a0f9a942bb73', '2024-01-01');
INSERT INTO class_enrollments (id, class_id, student_id, enrolled_at) VALUES ('261c6b60-0901-4261-9655-fd8bb1da3f75', '283ee0c8-613a-4fb6-963c-7f11f6242001', 'c27abf8c-da6b-42e2-ba7a-a0f9a942bb73', '2024-01-01');
INSERT INTO class_enrollments (id, class_id, student_id, enrolled_at) VALUES ('1fa4aad7-6845-4adf-adbc-edd1c448729b', '9fc31ab3-f099-4da3-913c-c2253bf0df89', 'c27abf8c-da6b-42e2-ba7a-a0f9a942bb73', '2024-01-01');
INSERT INTO class_enrollments (id, class_id, student_id, enrolled_at) VALUES ('ae6f7ca0-41fd-4813-986a-4d0700396812', '649c1286-0f80-471b-9462-dc6b7d9ed77b', '5b3976aa-0f85-4729-a3e1-0701e8843cce', '2024-01-01');
INSERT INTO class_enrollments (id, class_id, student_id, enrolled_at) VALUES ('6e8f90db-14a3-4263-a5d4-6c551c98b7c4', '397c64ec-dc85-40fd-bea1-3fe17651f17e', '5b3976aa-0f85-4729-a3e1-0701e8843cce', '2024-01-01');
INSERT INTO class_enrollments (id, class_id, student_id, enrolled_at) VALUES ('4357209b-02c9-491a-9736-2fbc3ed3dd33', '283ee0c8-613a-4fb6-963c-7f11f6242001', '5b3976aa-0f85-4729-a3e1-0701e8843cce', '2024-01-01');
INSERT INTO class_enrollments (id, class_id, student_id, enrolled_at) VALUES ('0e89b67b-037f-4fdb-b71e-9b56144794e2', '9fc31ab3-f099-4da3-913c-c2253bf0df89', '5b3976aa-0f85-4729-a3e1-0701e8843cce', '2024-01-01');
INSERT INTO class_enrollments (id, class_id, student_id, enrolled_at) VALUES ('5e2f958a-a72b-493c-97f4-552f82a28632', '4beaf979-2beb-44aa-a7b4-b595b4086a4d', 'b29e9559-017a-4925-8f69-09a38cda4097', '2024-01-01');
INSERT INTO class_enrollments (id, class_id, student_id, enrolled_at) VALUES ('6de95b76-7d68-411a-827a-4453b1a53c5b', '830bb7ac-646f-45a2-b10c-4a543268530b', 'b29e9559-017a-4925-8f69-09a38cda4097', '2024-01-01');
INSERT INTO class_enrollments (id, class_id, student_id, enrolled_at) VALUES ('be770cf4-5a58-4892-b879-b34e777c1b84', '16fbdcb2-4c34-436c-b927-019f4359612c', 'b29e9559-017a-4925-8f69-09a38cda4097', '2024-01-01');
INSERT INTO class_enrollments (id, class_id, student_id, enrolled_at) VALUES ('1f147abd-4074-43ea-8bfa-5346d14a103c', 'd74a03a6-cfdc-4ae5-8144-197ddd841195', 'b29e9559-017a-4925-8f69-09a38cda4097', '2024-01-01');
INSERT INTO class_enrollments (id, class_id, student_id, enrolled_at) VALUES ('da8fee2f-9dae-4281-8171-95b5d903e22a', '4beaf979-2beb-44aa-a7b4-b595b4086a4d', 'd867c9c6-7da8-4231-bf31-20605932390d', '2024-01-01');
INSERT INTO class_enrollments (id, class_id, student_id, enrolled_at) VALUES ('552e080b-32aa-41c1-b6a4-8d33d1836811', '830bb7ac-646f-45a2-b10c-4a543268530b', 'd867c9c6-7da8-4231-bf31-20605932390d', '2024-01-01');
INSERT INTO class_enrollments (id, class_id, student_id, enrolled_at) VALUES ('429423d7-3f25-4d54-a6ce-65efcbbe796f', '16fbdcb2-4c34-436c-b927-019f4359612c', 'd867c9c6-7da8-4231-bf31-20605932390d', '2024-01-01');
INSERT INTO class_enrollments (id, class_id, student_id, enrolled_at) VALUES ('e4b810be-a900-4c82-a6e6-5a4080042e44', 'd74a03a6-cfdc-4ae5-8144-197ddd841195', 'd867c9c6-7da8-4231-bf31-20605932390d', '2024-01-01');
INSERT INTO class_enrollments (id, class_id, student_id, enrolled_at) VALUES ('2f835b75-0009-42ce-8108-34ded8f5afe9', '4beaf979-2beb-44aa-a7b4-b595b4086a4d', 'd4d131ec-6d2d-4f7e-aa2c-7c7d5edd97d2', '2024-01-01');
INSERT INTO class_enrollments (id, class_id, student_id, enrolled_at) VALUES ('9b052944-ea3d-466f-bd2b-b03c2f4d6071', '830bb7ac-646f-45a2-b10c-4a543268530b', 'd4d131ec-6d2d-4f7e-aa2c-7c7d5edd97d2', '2024-01-01');
INSERT INTO class_enrollments (id, class_id, student_id, enrolled_at) VALUES ('a5cacb08-7f50-4220-9e5f-c3180c212eb6', '16fbdcb2-4c34-436c-b927-019f4359612c', 'd4d131ec-6d2d-4f7e-aa2c-7c7d5edd97d2', '2024-01-01');
INSERT INTO class_enrollments (id, class_id, student_id, enrolled_at) VALUES ('688d7029-b343-4ed1-b9ef-5451f2c0ed1d', 'd74a03a6-cfdc-4ae5-8144-197ddd841195', 'd4d131ec-6d2d-4f7e-aa2c-7c7d5edd97d2', '2024-01-01');
INSERT INTO class_enrollments (id, class_id, student_id, enrolled_at) VALUES ('67115e32-9844-4eaf-9e4d-c165788568dd', '4beaf979-2beb-44aa-a7b4-b595b4086a4d', '36dc0120-52a9-46d6-b104-65f55013df90', '2024-01-01');
INSERT INTO class_enrollments (id, class_id, student_id, enrolled_at) VALUES ('a4cea3a5-a582-43d9-a299-ec42e441a234', '830bb7ac-646f-45a2-b10c-4a543268530b', '36dc0120-52a9-46d6-b104-65f55013df90', '2024-01-01');
INSERT INTO class_enrollments (id, class_id, student_id, enrolled_at) VALUES ('42b51b9f-b49b-4dec-bb69-a6181c710b80', '16fbdcb2-4c34-436c-b927-019f4359612c', '36dc0120-52a9-46d6-b104-65f55013df90', '2024-01-01');
INSERT INTO class_enrollments (id, class_id, student_id, enrolled_at) VALUES ('ee5f35e0-8df5-4874-8e8b-611b7369b876', 'd74a03a6-cfdc-4ae5-8144-197ddd841195', '36dc0120-52a9-46d6-b104-65f55013df90', '2024-01-01');
INSERT INTO class_enrollments (id, class_id, student_id, enrolled_at) VALUES ('ee1d70e3-b877-471c-830b-0bc8ef088935', '4beaf979-2beb-44aa-a7b4-b595b4086a4d', '0e747160-e899-4c4d-ac86-aef75798c2cc', '2024-01-01');
INSERT INTO class_enrollments (id, class_id, student_id, enrolled_at) VALUES ('d5daaff1-65e3-4e3b-8740-dd14bd0f30dd', '830bb7ac-646f-45a2-b10c-4a543268530b', '0e747160-e899-4c4d-ac86-aef75798c2cc', '2024-01-01');
INSERT INTO class_enrollments (id, class_id, student_id, enrolled_at) VALUES ('14200518-9baa-4d3c-bd66-6f70eb10e3f2', '16fbdcb2-4c34-436c-b927-019f4359612c', '0e747160-e899-4c4d-ac86-aef75798c2cc', '2024-01-01');
INSERT INTO class_enrollments (id, class_id, student_id, enrolled_at) VALUES ('4e8761da-1939-4dcc-bdb2-2d1dc6c5abc1', 'd74a03a6-cfdc-4ae5-8144-197ddd841195', '0e747160-e899-4c4d-ac86-aef75798c2cc', '2024-01-01');
INSERT INTO bus_assignments (id, route_id, stop_id, student_id, assigned_at, status) VALUES ('9d2bda9d-2a73-484a-bb35-7a5355120371', '69bcc9fc-a021-4be5-8aa0-095db79ccba9', '402c0180-ca53-4bd6-9282-3e45987a848c', '1ea91ef5-d43b-4864-a457-8067ad20149d', '2024-01-01', 'active');
INSERT INTO bus_assignments (id, route_id, stop_id, student_id, assigned_at, status) VALUES ('8caf520a-2232-4a30-8560-074c8afb4445', '08a5def7-9655-42b5-b2b8-2d29b4235218', 'f7d4db65-c8b0-475b-9001-268c0c6a2ff7', '105c2a92-406a-45dc-8d36-ad0335e13a7a', '2024-01-01', 'active');
INSERT INTO bus_assignments (id, route_id, stop_id, student_id, assigned_at, status) VALUES ('4b7100ba-ab94-421c-8627-1fdcd9184111', '69bcc9fc-a021-4be5-8aa0-095db79ccba9', 'b0d89334-3037-40a9-898c-e29a17060b97', 'b62ee36b-e4bc-4afc-b253-c2140cfb74c3', '2024-01-01', 'active');
INSERT INTO bus_assignments (id, route_id, stop_id, student_id, assigned_at, status) VALUES ('002e0fa3-4134-4526-80de-4433df488ac4', '84005053-bd39-4470-b4a2-35b708340d47', 'bcb846a8-6ef7-4589-b199-7c4b83626d55', '57dca164-0d56-487f-84c1-a83b84e0d9a5', '2024-01-01', 'active');
INSERT INTO bus_assignments (id, route_id, stop_id, student_id, assigned_at, status) VALUES ('100aefe0-8daa-4c74-b120-9fc6ea99adda', '08a5def7-9655-42b5-b2b8-2d29b4235218', 'c51a8438-d56f-424a-b094-c3918e17b6d1', '2db55df1-3f52-4862-9ed7-9e90db147f97', '2024-01-01', 'active');
INSERT INTO bus_assignments (id, route_id, stop_id, student_id, assigned_at, status) VALUES ('7f37d81e-7090-40f7-a497-d654925ee0c9', '69bcc9fc-a021-4be5-8aa0-095db79ccba9', '02ff3c1e-a966-4b47-bf8f-8c6d1deda619', '8554c8f6-382a-4c36-b069-4c8de6bb640e', '2024-01-01', 'active');
INSERT INTO bus_assignments (id, route_id, stop_id, student_id, assigned_at, status) VALUES ('12808373-eb5b-4f04-9ffe-a0af19075300', '84005053-bd39-4470-b4a2-35b708340d47', '729e4008-1f08-4086-8b68-da84eae315a6', '63ea5a3e-af93-4ff6-9983-4b25ee659e17', '2024-01-01', 'active');
INSERT INTO bus_assignments (id, route_id, stop_id, student_id, assigned_at, status) VALUES ('c3f0dc67-78ee-4809-a002-14cb2ae92e37', '08a5def7-9655-42b5-b2b8-2d29b4235218', '337538ea-03b7-4f07-9d13-dcd863f7107b', '6603933f-c76f-4744-b31c-24d5db17733a', '2024-01-01', 'active');
INSERT INTO bus_assignments (id, route_id, stop_id, student_id, assigned_at, status) VALUES ('77a27f31-f507-4b8a-a2f1-ea1257bb116e', '69bcc9fc-a021-4be5-8aa0-095db79ccba9', '73a34fec-a9aa-48b2-8c43-3536dc7a712b', '3d523bc9-d955-4b7e-be1a-bc45f28b2bc0', '2024-01-01', 'active');
INSERT INTO bus_assignments (id, route_id, stop_id, student_id, assigned_at, status) VALUES ('d748064c-a957-4f49-8925-b2deca2dabe5', '84005053-bd39-4470-b4a2-35b708340d47', '85dcd000-1d90-4812-8dc0-7cfe548dcd72', '7266c910-1218-4092-aff8-991ec74f12b2', '2024-01-01', 'active');
INSERT INTO bus_assignments (id, route_id, stop_id, student_id, assigned_at, status) VALUES ('32be6671-473b-4bf7-b8b1-b39911896004', '08a5def7-9655-42b5-b2b8-2d29b4235218', 'f7d4db65-c8b0-475b-9001-268c0c6a2ff7', '4c4dab5c-7c15-491c-b351-35931c8c9a5e', '2024-01-01', 'active');
INSERT INTO bus_assignments (id, route_id, stop_id, student_id, assigned_at, status) VALUES ('b057a3aa-5f01-40ed-8c25-c56908c5e845', '69bcc9fc-a021-4be5-8aa0-095db79ccba9', '402c0180-ca53-4bd6-9282-3e45987a848c', '2abaee7e-5738-4f90-a96f-8f5aea9d93a9', '2024-01-01', 'active');
INSERT INTO bus_assignments (id, route_id, stop_id, student_id, assigned_at, status) VALUES ('bb798910-f678-4b35-8192-3c1001d8a8b5', '84005053-bd39-4470-b4a2-35b708340d47', 'bcb846a8-6ef7-4589-b199-7c4b83626d55', '7d799b3f-8639-4199-b897-d3b7b7f1527b', '2024-01-01', 'active');
INSERT INTO bus_assignments (id, route_id, stop_id, student_id, assigned_at, status) VALUES ('6b5c82c9-32ec-4243-8bb6-2f6392bf05a4', '08a5def7-9655-42b5-b2b8-2d29b4235218', 'c51a8438-d56f-424a-b094-c3918e17b6d1', 'd1b07a75-46dc-4b0a-a271-f97e4b7f436c', '2024-01-01', 'active');
INSERT INTO bus_assignments (id, route_id, stop_id, student_id, assigned_at, status) VALUES ('99bcf13f-fccb-4976-b995-f8b512306e60', '69bcc9fc-a021-4be5-8aa0-095db79ccba9', 'b0d89334-3037-40a9-898c-e29a17060b97', '5b3976aa-0f85-4729-a3e1-0701e8843cce', '2024-01-01', 'active');
INSERT INTO bus_assignments (id, route_id, stop_id, student_id, assigned_at, status) VALUES ('6ca2a187-acf1-4432-ae99-2ad8eeb83704', '84005053-bd39-4470-b4a2-35b708340d47', '729e4008-1f08-4086-8b68-da84eae315a6', 'd867c9c6-7da8-4231-bf31-20605932390d', '2024-01-01', 'active');
INSERT INTO bus_assignments (id, route_id, stop_id, student_id, assigned_at, status) VALUES ('6be0add8-5070-4d1f-b839-c0e303f4ddd8', '08a5def7-9655-42b5-b2b8-2d29b4235218', '337538ea-03b7-4f07-9d13-dcd863f7107b', '36dc0120-52a9-46d6-b104-65f55013df90', '2024-01-01', 'active');